,Song,Artist,artist_trunc,search_term,lyrics_raw
0,Careless Whisper,Wham! featuring George Michael,Wham! featuring,Careless Whisper Wham! featuring,error
1,Like a Virgin,Madonna,Madonna,Like a Virgin Madonna,error
2,Wake Me Up Before You Go-Go,Wham!,Wham!,Wake Me Up Before You Go-Go Wham!,error
3,I Want to Know What Love Is,Foreigner,Foreigner,I Want to Know What Love Is Foreigner,error
4,I Feel for You,Chaka Khan,Chaka Khan,I Feel for You Chaka Khan,error
5,Out of Touch,Hall & Oates,Hall &,Out of Touch Hall &,error
6,Everybody Wants to Rule the World,Tears for Fears,Tears for,Everybody Wants to Rule the World Tears for,error
7,Money for Nothing,Dire Straits,Dire Straits,Money for Nothing Dire Straits,error
8,Crazy for You,Madonna,Madonna,Crazy for You Madonna,error
9,Take on Me,a-ha,a-ha,Take on Me a-ha,error
10,Everytime You Go Away,Paul Young,Paul Young,Everytime You Go Away Paul Young,error
11,Easy Lover,Philip Bailey and Phil Collins,Philip Bailey,Easy Lover Philip Bailey,error
12,Can't Fight This Feeling,REO Speedwagon,REO Speedwagon,Can't Fight This Feeling REO Speedwagon,error
13,We Built This City,Starship,Starship,We Built This City Starship,error
14,The Power of Love,Huey Lewis and the News,Huey Lewis,The Power of Love Huey Lewis,error
15,Don't You (Forget About Me),Simple Minds,Simple Minds,Don't You (Forget About Me) Simple Minds,error
16,Cherish,Kool & the Gang,Kool &,Cherish Kool &,error
17,St. Elmo's Fire (Man in Motion),John Parr,John Parr,St. Elmo's Fire (Man in Motion) John Parr,error
18,The Heat Is On,Glenn Frey,Glenn Frey,The Heat Is On Glenn Frey,error
19,We Are the World,USA for Africa,USA for,We Are the World USA for,error
20,Shout,Tears for Fears,Tears for,Shout Tears for,error
21,Part-Time Lover,Stevie Wonder,Stevie Wonder,Part-Time Lover Stevie Wonder,error
22,Saving All My Love For You,Whitney Houston,Whitney Houston,Saving All My Love For You Whitney Houston,error
23,Heaven,Bryan Adams,Bryan Adams,Heaven Bryan Adams,error
24,Everything She Wants,Wham!,Wham!,Everything She Wants Wham!,error
25,Cool It Now,New Edition,New Edition,Cool It Now New Edition,error
26,Miami Vice Theme,Jan Hammer,Jan Hammer,Miami Vice Theme Jan Hammer,error
27,Loverboy,Billy Ocean,Billy Ocean,Loverboy Billy Ocean,error
28,Lovergirl,Teena Marie,Teena Marie,Lovergirl Teena Marie,error
29,You Belong to the City,Glenn Frey,Glenn Frey,You Belong to the City Glenn Frey,error
30,Oh Sheila,Ready for the World,Ready for,Oh Sheila Ready for,error
31,Rhythm of the Night,DeBarge,DeBarge,Rhythm of the Night DeBarge,error
32,One More Night,Phil Collins,Phil Collins,One More Night Phil Collins,error
33,Sea of Love,The Honeydrippers,The Honeydrippers,Sea of Love The Honeydrippers,error
34,A View to a Kill,Duran Duran,Duran Duran,A View to a Kill Duran Duran,error
35,The Wild Boys,Duran Duran,Duran Duran,The Wild Boys Duran Duran,error
36,You're the Inspiration,Chicago,Chicago,You're the Inspiration Chicago,error
37,Neutron Dance,The Pointer Sisters,The Pointer,Neutron Dance The Pointer,error
38,We Belong,Pat Benatar,Pat Benatar,We Belong Pat Benatar,error
39,Nightshift,Commodores,Commodores,Nightshift Commodores,error
40,Things Can Only Get Better,Howard Jones,Howard Jones,Things Can Only Get Better Howard Jones,error
41,All I Need,Jack Wagner,Jack Wagner,All I Need Jack Wagner,error
42,Freeway of Love,Aretha Franklin,Aretha Franklin,Freeway of Love Aretha Franklin,error
43,Never Surrender,Corey Hart,Corey Hart,Never Surrender Corey Hart,error
44,Sussudio,Phil Collins,Phil Collins,Sussudio Phil Collins,error
45,Strut,Sheena Easton,Sheena Easton,Strut Sheena Easton,error
46,You Give Good Love,Whitney Houston,Whitney Houston,You Give Good Love Whitney Houston,error
47,The Search Is Over,Survivor,Survivor,The Search Is Over Survivor,error
48,Missing You,Diana Ross,Diana Ross,Missing You Diana Ross,error
49,Separate Lives,Phil Collins and Marilyn Martin,Phil Collins,Separate Lives Phil Collins,error
50,Raspberry Beret,Prince and The Revolution,Prince and,Raspberry Beret Prince and,error
51,Suddenly,Billy Ocean,Billy Ocean,Suddenly Billy Ocean,error
52,The Boys of Summer,Don Henley,Don Henley,The Boys of Summer Don Henley,error
53,One Night in Bangkok,Murray Head,Murray Head,One Night in Bangkok Murray Head,error
54,If You Love Somebody Set Them Free,Sting,Sting,If You Love Somebody Set Them Free Sting,error
55,Obsession,Animotion,Animotion,Obsession Animotion,error
56,We Don't Need Another Hero (Thunderdome),Tina Turner,Tina Turner,We Don't Need Another Hero (Thunderdome) Tina Turner,error
57,Material Girl,Madonna,Madonna,Material Girl Madonna,error
58,Better Be Good to Me,Tina Turner,Tina Turner,Better Be Good to Me Tina Turner,error
59,Head over Heels,Tears for Fears,Tears for,Head over Heels Tears for,error
60,Axel F,Harold Faltermeyer,Harold Faltermeyer,Axel F Harold Faltermeyer,error
61,Smooth Operator,Sade,Sade,Smooth Operator Sade,error
62,In My House,Mary Jane Girls,Mary Jane,In My House Mary Jane,error
63,Don't Lose My Number,Phil Collins,Phil Collins,Don't Lose My Number Phil Collins,error
64,All Through the Night,Cyndi Lauper,Cyndi Lauper,All Through the Night Cyndi Lauper,error
65,Run to You,Bryan Adams,Bryan Adams,Run to You Bryan Adams,error
66,Glory Days,Bruce Springsteen,Bruce Springsteen,Glory Days Bruce Springsteen,error
67,Voices Carry,'Til Tuesday,'Til Tuesday,Voices Carry 'Til Tuesday,error
68,Misled,Kool & the Gang,Kool &,Misled Kool &,error
69,Would I Lie to You?,Eurythmics,Eurythmics,Would I Lie to You? Eurythmics,error
70,Be Near Me,ABC,ABC,Be Near Me ABC,error
71,No More Lonely Nights,Paul McCartney,Paul McCartney,No More Lonely Nights Paul McCartney,error
72,I Can't Hold Back,Survivor,Survivor,I Can't Hold Back Survivor,error
73,Summer Of '69,Bryan Adams,Bryan Adams,Summer Of '69 Bryan Adams,error
74,Walking on Sunshine,Katrina and the Waves,Katrina and,Walking on Sunshine Katrina and,error
75,Freedom,Wham!,Wham!,Freedom Wham!,error
76,Too Late for Goodbyes,Julian Lennon,Julian Lennon,Too Late for Goodbyes Julian Lennon,error
77,Valotte,Julian Lennon,Julian Lennon,Valotte Julian Lennon,error
78,Some Like It Hot,Power Station,Power Station,Some Like It Hot Power Station,error
79,Solid,Ashford & Simpson,Ashford &,Solid Ashford &,error
80,Angel,Madonna,Madonna,Angel Madonna,error
81,I'm on Fire,Bruce Springsteen,Bruce Springsteen,I'm on Fire Bruce Springsteen,error
82,Method of Modern Love,Hall & Oates,Hall &,Method of Modern Love Hall &,error
83,Lay Your Hands on Me,Thompson Twins,Thompson Twins,Lay Your Hands on Me Thompson Twins,error
84,Who's Holding Donna Now,DeBarge,DeBarge,Who's Holding Donna Now DeBarge,error
85,Lonely Ol' Night,John Cougar Mellencamp,John Cougar,Lonely Ol' Night John Cougar,error
86,What About Love,Heart,Heart,What About Love Heart,error
87,California Girls,David Lee Roth,David Lee,California Girls David Lee,error
88,Fresh,Kool & the Gang,Kool &,Fresh Kool &,error
89,Do What You Do,Jermaine Jackson,Jermaine Jackson,Do What You Do Jermaine Jackson,error
90,Jungle Love,The Time,The Time,Jungle Love The Time,error
91,Born in the U.S.A.,Bruce Springsteen,Bruce Springsteen,Born in the U.S.A. Bruce Springsteen,error
92,Private Dancer,Tina Turner,Tina Turner,Private Dancer Tina Turner,error
93,Who's Zoomin' Who,Aretha Franklin,Aretha Franklin,Who's Zoomin' Who Aretha Franklin,error
94,Fortress Around Your Heart,Sting,Sting,Fortress Around Your Heart Sting,error
95,Penny Lover,Lionel Richie,Lionel Richie,Penny Lover Lionel Richie,error
96,All She Wants to Do Is Dance,Don Henley,Don Henley,All She Wants to Do Is Dance Don Henley,error
97,Dress You Up,Madonna,Madonna,Dress You Up Madonna,error
98,Sentimental Street,Night Ranger,Night Ranger,Sentimental Street Night Ranger,error
99,Sugar Walls,Sheena Easton,Sheena Easton,Sugar Walls Sheena Easton,error
100,(Everything I Do) I Do It for You,Bryan Adams,Bryan Adams,(Everything I Do) I Do It for You Bryan Adams,error
101,I Wanna Sex You Up,Color Me Badd,Color Me,I Wanna Sex You Up Color Me,error
102,Gonna Make You Sweat (Everybody Dance Now),C+C Music Factory,C+C Music,Gonna Make You Sweat (Everybody Dance Now) C+C Music,error
103,Rush Rush,Paula Abdul,Paula Abdul,Rush Rush Paula Abdul,error
104,One More Try,Timmy T,Timmy T,One More Try Timmy T,error
105,Unbelievable,EMF,EMF,Unbelievable EMF,error
106,More Than Words,Extreme,Extreme,More Than Words Extreme,error
107,I Like the Way (The Kissing Game),Hi-Five,Hi-Five,I Like the Way (The Kissing Game) Hi-Five,error
108,The First Time,Surface,Surface,The First Time Surface,error
109,Baby Baby,Amy Grant,Amy Grant,Baby Baby Amy Grant,error
110,Motownphilly,Boyz II Men,Boyz II,Motownphilly Boyz II,error
111,Because I Love You (The Postman Song),Stevie B,Stevie B,Because I Love You (The Postman Song) Stevie B,error
112,Someday,Mariah Carey,Mariah Carey,Someday Mariah Carey,error
113,High Enough,Damn Yankees,Damn Yankees,High Enough Damn Yankees,error
114,From a Distance,Bette Midler,Bette Midler,From a Distance Bette Midler,error
115,All the Man That I Need,Whitney Houston,Whitney Houston,All the Man That I Need Whitney Houston,error
116,"Right Here, Right Now",Jesus Jones,Jesus Jones,"Right Here, Right Now Jesus Jones",error
117,I Adore Mi Amor,Color Me Badd,Color Me,I Adore Mi Amor Color Me,error
118,Love Will Never Do (Without You),Janet Jackson,Janet Jackson,Love Will Never Do (Without You) Janet Jackson,error
119,Good Vibrations,Marky Mark and the Funky Bunch featuring Loleatta Holloway,Marky Mark,Good Vibrations Marky Mark,error
120,Justify My Love,Madonna,Madonna,Justify My Love Madonna,error
121,Emotions,Mariah Carey,Mariah Carey,Emotions Mariah Carey,error
122,Joyride,Roxette,Roxette,Joyride Roxette,error
123,Romantic,Karyn White,Karyn White,Romantic Karyn White,error
124,Hold You Tight,Tara Kemp,Tara Kemp,Hold You Tight Tara Kemp,error
125,I Don't Wanna Cry,Mariah Carey,Mariah Carey,I Don't Wanna Cry Mariah Carey,error
126,You're in Love,Wilson Phillips,Wilson Phillips,You're in Love Wilson Phillips,error
127,Every Heartbeat,Amy Grant,Amy Grant,Every Heartbeat Amy Grant,error
128,Sensitivity,Ralph Tresvant,Ralph Tresvant,Sensitivity Ralph Tresvant,error
129,Touch Me (All Night Long),Cathy Dennis,Cathy Dennis,Touch Me (All Night Long) Cathy Dennis,error
130,I've Been Thinking About You,Londonbeat,Londonbeat,I've Been Thinking About You Londonbeat,error
131,Do Anything,Natural Selection,Natural Selection,Do Anything Natural Selection,error
132,Losing My Religion,R.E.M.,R.E.M.,Losing My Religion R.E.M.,error
133,Coming Out of the Dark,Gloria Estefan,Gloria Estefan,Coming Out of the Dark Gloria Estefan,error
134,It Ain't Over 'til It's Over,Lenny Kravitz,Lenny Kravitz,It Ain't Over 'til It's Over Lenny Kravitz,error
135,Here We Go,C+C Music Factory,C+C Music,Here We Go C+C Music,error
136,Where Does My Heart Beat Now,Celine Dion,Celine Dion,Where Does My Heart Beat Now Celine Dion,error
137,Summertime,DJ Jazzy Jeff & The Fresh Prince,DJ Jazzy,Summertime DJ Jazzy,error
138,Wind of Change,Scorpions,Scorpions,Wind of Change Scorpions,error
139,P.A.S.S.I.O.N.,Rythm Syndicate,Rythm Syndicate,P.A.S.S.I.O.N. Rythm Syndicate,error
140,The Promise of a New Day,Paula Abdul,Paula Abdul,The Promise of a New Day Paula Abdul,error
141,I'm Your Baby Tonight,Whitney Houston,Whitney Houston,I'm Your Baby Tonight Whitney Houston,error
142,Love of a Lifetime,FireHouse,FireHouse,Love of a Lifetime FireHouse,error
143,Fading Like a Flower (Every Time You Leave),Roxette,Roxette,Fading Like a Flower (Every Time You Leave) Roxette,error
144,This House,Tracie Spencer,Tracie Spencer,This House Tracie Spencer,error
145,Hole Hearted,Extreme,Extreme,Hole Hearted Extreme,error
146,Power of Love/Love Power,Luther Vandross,Luther Vandross,Power of Love/Love Power Luther Vandross,error
147,Impulsive,Wilson Phillips,Wilson Phillips,Impulsive Wilson Phillips,error
148,Love Is a Wonderful Thing,Michael Bolton,Michael Bolton,Love Is a Wonderful Thing Michael Bolton,error
149,Rhythm of My Heart,Rod Stewart,Rod Stewart,Rhythm of My Heart Rod Stewart,error
150,Things That Make You Go Hmmm...,C+C Music Factory,C+C Music,Things That Make You Go Hmmm... C+C Music,error
151,I Touch Myself,Divinyls,Divinyls,I Touch Myself Divinyls,error
152,Tom's Diner,DNA featuring Suzanne Vega,DNA featuring,Tom's Diner DNA featuring,error
153,Iesha,Another Bad Creation,Another Bad,Iesha Another Bad,error
154,Something to Talk About,Bonnie Raitt,Bonnie Raitt,Something to Talk About Bonnie Raitt,error
155,After the Rain,Nelson,Nelson,After the Rain Nelson,error
156,Play That Funky Music,Vanilla Ice,Vanilla Ice,Play That Funky Music Vanilla Ice,error
157,Temptation,Corina,Corina,Temptation Corina,error
158,Can't Stop This Thing We Started,Bryan Adams,Bryan Adams,Can't Stop This Thing We Started Bryan Adams,error
159,I Can't Wait Another Minute,Hi-Five,Hi-Five,I Can't Wait Another Minute Hi-Five,error
160,3 a.m. Eternal,The KLF,The KLF,3 a.m. Eternal The KLF,error
161,"Time, Love and Tenderness",Michael Bolton,Michael Bolton,"Time, Love and Tenderness Michael Bolton",error
162,Sadeness (Part I),Enigma,Enigma,Sadeness (Part I) Enigma,error
163,Around the Way Girl,LL Cool J,LL Cool,Around the Way Girl LL Cool,error
164,I'll Be There,The Escape Club,The Escape,I'll Be There The Escape,error
165,Cream,Prince and The New Power Generation,Prince and,Cream Prince and,error
166,Now That We Found Love,Heavy D & the Boyz,Heavy D,Now That We Found Love Heavy D,error
167,Show Me the Way,Styx,Styx,Show Me the Way Styx,error
168,Love Takes Time,Mariah Carey,Mariah Carey,Love Takes Time Mariah Carey,error
169,Cry for Help,Rick Astley,Rick Astley,Cry for Help Rick Astley,error
170,The Way You Do the Things You Do,UB40,UB40,The Way You Do the Things You Do UB40,error
171,Here I Am (Come and Take Me),UB40,UB40,Here I Am (Come and Take Me) UB40,error
172,Signs,Tesla,Tesla,Signs Tesla,error
173,Too Many Walls,Cathy Dennis,Cathy Dennis,Too Many Walls Cathy Dennis,error
174,Crazy,Seal,Seal,Crazy Seal,error
175,I'll Give All My Love to You,Keith Sweat,Keith Sweat,I'll Give All My Love to You Keith Sweat,error
176,Place in this World,Michael W. Smith,Michael W.,Place in this World Michael W.,error
177,Something to Believe In,Poison,Poison,Something to Believe In Poison,error
178,Wicked Game,Chris Isaak,Chris Isaak,Wicked Game Chris Isaak,error
179,Get Here,Oleta Adams,Oleta Adams,Get Here Oleta Adams,error
180,Round and Round,Tevin Campbell,Tevin Campbell,Round and Round Tevin Campbell,error
181,Silent Lucidity,Queensryche,Queensryche,Silent Lucidity Queensryche,error
182,I'm Not In Love,Will to Power,Will to,I'm Not In Love Will to,error
183,Piece of My Heart,Tara Kemp,Tara Kemp,Piece of My Heart Tara Kemp,error
184,Real Real Real,Jesus Jones,Jesus Jones,Real Real Real Jesus Jones,error
185,Everybody Plays the Fool,Aaron Neville,Aaron Neville,Everybody Plays the Fool Aaron Neville,error
186,Just Another Dream,Cathy Dennis,Cathy Dennis,Just Another Dream Cathy Dennis,error
187,Strike It Up,Black Box,Black Box,Strike It Up Black Box,error
188,Rico Suave,Gerardo,Gerardo,Rico Suave Gerardo,error
189,Disappear,INXS,INXS,Disappear INXS,error
190,Groove Is in the Heart,Deee-Lite,Deee-Lite,Groove Is in the Heart Deee-Lite,error
191,All This Time,Sting,Sting,All This Time Sting,error
192,The One and Only,Chesney Hawkes,Chesney Hawkes,The One and Only Chesney Hawkes,error
193,O.P.P.,Naughty by Nature,Naughty by,O.P.P. Naughty by,error
194,Freedom 90,George Michael,George Michael,Freedom 90 George Michael,error
195,I Saw Red,Warrant,Warrant,I Saw Red Warrant,error
196,Miles Away,Winger,Winger,Miles Away Winger,error
197,Do You Want Me,Salt-n-Pepa,Salt-n-Pepa,Do You Want Me Salt-n-Pepa,error
198,The Motown Song,Rod Stewart,Rod Stewart,The Motown Song Rod Stewart,error
199,Shiny Happy People,R.E.M.,R.E.M.,Shiny Happy People R.E.M.,error
200,Hold On,Wilson Phillips,Wilson Phillips,Hold On Wilson Phillips,error
201,It Must Have Been Love,Roxette,Roxette,It Must Have Been Love Roxette,error
202,Nothing Compares 2 U,Sinead O'Connor,Sinead O'Connor,Nothing Compares 2 U Sinead O'Connor,error
203,Poison,Bell Biv DeVoe,Bell Biv,Poison Bell Biv,error
204,Vogue,Madonna,Madonna,Vogue Madonna,error
205,Vision of Love,Mariah Carey,Mariah Carey,Vision of Love Mariah Carey,error
206,Another Day in Paradise,Phil Collins,Phil Collins,Another Day in Paradise Phil Collins,error
207,Hold On,En Vogue,En Vogue,Hold On En Vogue,error
208,Cradle of Love,Billy Idol,Billy Idol,Cradle of Love Billy Idol,error
209,Blaze of Glory,Jon Bon Jovi,Jon Bon,Blaze of Glory Jon Bon,error
210,Do Me!,Bell Biv DeVoe,Bell Biv,Do Me! Bell Biv,error
211,How Am I Supposed to Live Without You,Michael Bolton,Michael Bolton,How Am I Supposed to Live Without You Michael Bolton,error
212,Pump Up the Jam,Technotronic,Technotronic,Pump Up the Jam Technotronic,error
213,Opposites Attract,Paula Abdul and The Wild Pair,Paula Abdul,Opposites Attract Paula Abdul,error
214,Escapade,Janet Jackson,Janet Jackson,Escapade Janet Jackson,error
215,All I Wanna Do Is Make Love to You,Heart,Heart,All I Wanna Do Is Make Love to You Heart,error
216,Close to You,Maxi Priest,Maxi Priest,Close to You Maxi Priest,error
217,Black Velvet,Alannah Myles,Alannah Myles,Black Velvet Alannah Myles,error
218,Release Me,Wilson Phillips,Wilson Phillips,Release Me Wilson Phillips,error
219,Don't Know Much,Linda Ronstadt and Aaron Neville,Linda Ronstadt,Don't Know Much Linda Ronstadt,error
220,All Around the World,Lisa Stansfield,Lisa Stansfield,All Around the World Lisa Stansfield,error
221,I Wanna Be Rich,Calloway,Calloway,I Wanna Be Rich Calloway,error
222,Rub You the Right Way,Johnny Gill,Johnny Gill,Rub You the Right Way Johnny Gill,error
223,She Ain't Worth It,Glenn Medeiros and Bobby Brown,Glenn Medeiros,She Ain't Worth It Glenn Medeiros,error
224,If Wishes Came True,Sweet Sensation,Sweet Sensation,If Wishes Came True Sweet Sensation,error
225,The Power,Snap!,Snap!,The Power Snap!,error
226,(Can't Live Without Your) Love and Affection,Nelson,Nelson,(Can't Live Without Your) Love and Affection Nelson,error
227,Love Will Lead You Back,Taylor Dayne,Taylor Dayne,Love Will Lead You Back Taylor Dayne,error
228,Don't Wanna Fall in Love,Jane Child,Jane Child,Don't Wanna Fall in Love Jane Child,error
229,Two to Make It Right,Seduction,Seduction,Two to Make It Right Seduction,error
230,Sending All My Love,Linear,Linear,Sending All My Love Linear,error
231,Unskinny Bop,Poison,Poison,Unskinny Bop Poison,error
232,Step by Step,New Kids on the Block,New Kids,Step by Step New Kids,error
233,Dangerous,Roxette,Roxette,Dangerous Roxette,error
234,We Didn't Start the Fire,Billy Joel,Billy Joel,We Didn't Start the Fire Billy Joel,error
235,I Don't Have the Heart,James Ingram,James Ingram,I Don't Have the Heart James Ingram,error
236,Downtown Train,Rod Stewart,Rod Stewart,Downtown Train Rod Stewart,error
237,Rhythm Nation,Janet Jackson,Janet Jackson,Rhythm Nation Janet Jackson,error
238,I'll Be Your Everything,Tommy Page,Tommy Page,I'll Be Your Everything Tommy Page,error
239,Roam,The B-52s,The B-52s,Roam The B-52s,error
240,Everything,Jody Watley,Jody Watley,Everything Jody Watley,error
241,Back to Life (However Do You Want Me),Soul II Soul featuring Caron Wheeler,Soul II,Back to Life (However Do You Want Me) Soul II,error
242,Here and Now,Luther Vandross,Luther Vandross,Here and Now Luther Vandross,error
243,Alright,Janet Jackson,Janet Jackson,Alright Janet Jackson,error
244,Ice Ice Baby,Vanilla Ice,Vanilla Ice,Ice Ice Baby Vanilla Ice,error
245,Blame It on the Rain,Milli Vanilli,Milli Vanilli,Blame It on the Rain Milli Vanilli,error
246,Have You Seen Her,MC Hammer,MC Hammer,Have You Seen Her MC Hammer,error
247,With Every Beat of My Heart,Taylor Dayne,Taylor Dayne,With Every Beat of My Heart Taylor Dayne,error
248,Come Back to Me,Janet Jackson,Janet Jackson,Come Back to Me Janet Jackson,error
249,No More Lies,Michel'le,Michel'le,No More Lies Michel'le,error
250,Praying for Time,George Michael,George Michael,Praying for Time George Michael,error
251,How Can We Be Lovers,Michael Bolton,Michael Bolton,How Can We Be Lovers Michael Bolton,error
252,Do You Remember,Phil Collins,Phil Collins,Do You Remember Phil Collins,error
253,Ready or Not,After 7,After 7,Ready or Not After 7,error
254,U Can't Touch This,MC Hammer,MC Hammer,U Can't Touch This MC Hammer,error
255,I Wish It Would Rain Down,Phil Collins,Phil Collins,I Wish It Would Rain Down Phil Collins,error
256,Just Between You and Me,Lou Gramm,Lou Gramm,Just Between You and Me Lou Gramm,error
257,Something Happened on the Way to Heaven,Phil Collins,Phil Collins,Something Happened on the Way to Heaven Phil Collins,error
258,Black Cat,Janet Jackson,Janet Jackson,Black Cat Janet Jackson,error
259,Can't Stop,After 7,After 7,Can't Stop After 7,error
260,Janie's Got a Gun,Aerosmith,Aerosmith,Janie's Got a Gun Aerosmith,error
261,The Humpty Dance,Digital Underground,Digital Underground,The Humpty Dance Digital Underground,error
262,I'll Be Your Shelter,Taylor Dayne,Taylor Dayne,I'll Be Your Shelter Taylor Dayne,error
263,Free Fallin',Tom Petty,Tom Petty,Free Fallin' Tom Petty,error
264,Giving You the Benefit,Pebbles,Pebbles,Giving You the Benefit Pebbles,error
265,Enjoy the Silence,Depeche Mode,Depeche Mode,Enjoy the Silence Depeche Mode,error
266,Love Song,Tesla,Tesla,Love Song Tesla,error
267,Price of Love,Bad English,Bad English,Price of Love Bad English,error
268,Girls Nite Out,Tyler Collins,Tyler Collins,Girls Nite Out Tyler Collins,error
269,King of Wishful Thinking,Go West,Go West,King of Wishful Thinking Go West,error
270,What Kind of Man Would I Be?,Chicago,Chicago,What Kind of Man Would I Be? Chicago,error
271,I Remember You,Skid Row,Skid Row,I Remember You Skid Row,error
272,Get Up! (Before the Night Is Over),Technotronic featuring Ya Kid K,Technotronic featuring,Get Up! (Before the Night Is Over) Technotronic featuring,error
273,Here We Are,Gloria Estefan,Gloria Estefan,Here We Are Gloria Estefan,error
274,Epic,Faith No More,Faith No,Epic Faith No,error
275,Love Takes Time,Mariah Carey,Mariah Carey,Love Takes Time Mariah Carey,error
276,Just Like Jesse James,Cher,Cher,Just Like Jesse James Cher,error
277,Love Shack,The B-52s,The B-52s,Love Shack The B-52s,error
278,All or Nothing,Milli Vanilli,Milli Vanilli,All or Nothing Milli Vanilli,error
279,Romeo,Dino,Dino,Romeo Dino,error
280,Everybody Everybody,Black Box,Black Box,Everybody Everybody Black Box,error
281,I Go to Extremes,Billy Joel,Billy Joel,I Go to Extremes Billy Joel,error
282,Whip Appeal,Babyface,Babyface,Whip Appeal Babyface,error
283,Oh Girl,Paul Young,Paul Young,Oh Girl Paul Young,error
284,C'mon and Get My Love,D Mob featuring Cathy Dennis,D Mob,C'mon and Get My Love D Mob,error
285,(It's Just) The Way That You Love Me,Paula Abdul,Paula Abdul,(It's Just) The Way That You Love Me Paula Abdul,error
286,We Can't Go Wrong,The Cover Girls,The Cover,We Can't Go Wrong The Cover,error
287,When I'm Back on My Feet Again,Michael Bolton,Michael Bolton,When I'm Back on My Feet Again Michael Bolton,error
288,Make You Sweat,Keith Sweat,Keith Sweat,Make You Sweat Keith Sweat,error
289,This One's for the Children,New Kids on the Block,New Kids,This One's for the Children New Kids,error
290,What It Takes,Aerosmith,Aerosmith,What It Takes Aerosmith,error
291,Forever,Kiss,Kiss,Forever Kiss,error
292,Jerk Out,The Time,The Time,Jerk Out The Time,error
293,Just a Friend,Biz Markie,Biz Markie,Just a Friend Biz Markie,error
294,Whole Wide World,A'Me Lorain,A'Me Lorain,Whole Wide World A'Me Lorain,error
295,Without You,Motley Crue,Motley Crue,Without You Motley Crue,error
296,Swing the Mood,Jive Bunny and the Mastermixers,Jive Bunny,Swing the Mood Jive Bunny,error
297,Thieves in the Temple,Prince,Prince,Thieves in the Temple Prince,error
298,Mentirosa,Mellow Man Ace,Mellow Man,Mentirosa Mellow Man,error
299,Tic-Tac-Toe,Kyper,Kyper,Tic-Tac-Toe Kyper,error
300,When Doves Cry,Prince,Prince,When Doves Cry Prince,error
301,What's Love Got to Do with It,Tina Turner,Tina Turner,What's Love Got to Do with It Tina Turner,error
302,Say Say Say,Paul McCartney and Michael Jackson,Paul McCartney,Say Say Say Paul McCartney,error
303,Footloose,Kenny Loggins,Kenny Loggins,Footloose Kenny Loggins,error
304,Against All Odds (Take a Look at Me Now),Phil Collins,Phil Collins,Against All Odds (Take a Look at Me Now) Phil Collins,error
305,Jump,Van Halen,Van Halen,Jump Van Halen,error
306,Hello,Lionel Richie,Lionel Richie,Hello Lionel Richie,error
307,Owner of a Lonely Heart,Yes,Yes,Owner of a Lonely Heart Yes,error
308,Ghostbusters,Ray Parker Jr.,Ray Parker,Ghostbusters Ray Parker,error
309,Karma Chameleon,Culture Club,Culture Club,Karma Chameleon Culture Club,error
310,Missing You,John Waite,John Waite,Missing You John Waite,error
311,All Night Long (All Night),Lionel Richie,Lionel Richie,All Night Long (All Night) Lionel Richie,error
312,Let's Hear It for the Boy,Deniece Williams,Deniece Williams,Let's Hear It for the Boy Deniece Williams,error
313,Dancing in the Dark,Bruce Springsteen,Bruce Springsteen,Dancing in the Dark Bruce Springsteen,error
314,Girls Just Want To Have Fun,Cyndi Lauper,Cyndi Lauper,Girls Just Want To Have Fun Cyndi Lauper,error
315,The Reflex,Duran Duran,Duran Duran,The Reflex Duran Duran,error
316,Time After Time,Cyndi Lauper,Cyndi Lauper,Time After Time Cyndi Lauper,error
317,Jump (For My Love),The Pointer Sisters,The Pointer,Jump (For My Love) The Pointer,error
318,Talking in Your Sleep,The Romantics,The Romantics,Talking in Your Sleep The Romantics,error
319,Self Control,Laura Branigan,Laura Branigan,Self Control Laura Branigan,error
320,Let's Go Crazy,Prince and The Revolution,Prince and,Let's Go Crazy Prince and,error
321,Say It Isn't So,Hall & Oates,Hall &,Say It Isn't So Hall &,error
322,Hold Me Now,Thompson Twins,Thompson Twins,Hold Me Now Thompson Twins,error
323,Joanna,Kool & The Gang,Kool &,Joanna Kool &,error
324,I Just Called to Say I Love You,Stevie Wonder,Stevie Wonder,I Just Called to Say I Love You Stevie Wonder,error
325,Somebody's Watching Me,Rockwell,Rockwell,Somebody's Watching Me Rockwell,error
326,Break My Stride,Matthew Wilder,Matthew Wilder,Break My Stride Matthew Wilder,error
327,99 Luftballons,Nena,Nena,99 Luftballons Nena,error
328,I Can Dream About You,Dan Hartman,Dan Hartman,I Can Dream About You Dan Hartman,error
329,The Glamorous Life,Sheila E.,Sheila E.,The Glamorous Life Sheila E.,error
330,Oh Sherrie,Steve Perry,Steve Perry,Oh Sherrie Steve Perry,error
331,Stuck on You,Lionel Richie,Lionel Richie,Stuck on You Lionel Richie,error
332,I Guess That's Why They Call It the Blues,Elton John,Elton John,I Guess That's Why They Call It the Blues Elton John,error
333,She Bop,Cyndi Lauper,Cyndi Lauper,She Bop Cyndi Lauper,error
334,Borderline,Madonna,Madonna,Borderline Madonna,error
335,Sunglasses at Night,Corey Hart,Corey Hart,Sunglasses at Night Corey Hart,error
336,Eyes Without a Face,Billy Idol,Billy Idol,Eyes Without a Face Billy Idol,error
337,Here Comes the Rain Again,Eurythmics,Eurythmics,Here Comes the Rain Again Eurythmics,error
338,Uptown Girl,Billy Joel,Billy Joel,Uptown Girl Billy Joel,error
339,Sister Christian,Night Ranger,Night Ranger,Sister Christian Night Ranger,error
340,Drive,The Cars,The Cars,Drive The Cars,error
341,Twist of Fate,Olivia Newton-John,Olivia Newton-John,Twist of Fate Olivia Newton-John,error
342,Union of the Snake,Duran Duran,Duran Duran,Union of the Snake Duran Duran,error
343,The Heart of Rock & Roll,Huey Lewis and the News,Huey Lewis,The Heart of Rock & Roll Huey Lewis,error
344,Hard Habit to Break,Chicago,Chicago,Hard Habit to Break Chicago,error
345,The Warrior,Scandal,Scandal,The Warrior Scandal,error
346,If Ever You're in My Arms Again,Peabo Bryson,Peabo Bryson,If Ever You're in My Arms Again Peabo Bryson,error
347,Automatic,The Pointer Sisters,The Pointer,Automatic The Pointer,error
348,Let the Music Play,Shannon,Shannon,Let the Music Play Shannon,error
349,To All the Girls I've Loved Before,Julio Iglesias and Willie Nelson,Julio Iglesias,To All the Girls I've Loved Before Julio Iglesias,error
350,Caribbean Queen,Billy Ocean,Billy Ocean,Caribbean Queen Billy Ocean,error
351,That's All,Genesis,Genesis,That's All Genesis,error
352,Running with the Night,Lionel Richie,Lionel Richie,Running with the Night Lionel Richie,error
353,Sad Songs (Say So Much),Elton John,Elton John,Sad Songs (Say So Much) Elton John,error
354,I Want a New Drug,Huey Lewis and the News,Huey Lewis,I Want a New Drug Huey Lewis,error
355,Islands in the Stream,Kenny Rogers and Dolly Parton,Kenny Rogers,Islands in the Stream Kenny Rogers,error
356,Love Is a Battlefield,Pat Benatar,Pat Benatar,Love Is a Battlefield Pat Benatar,error
357,Infatuation,Rod Stewart,Rod Stewart,Infatuation Rod Stewart,error
358,Almost Paradise,Mike Reno and Ann Wilson,Mike Reno,Almost Paradise Mike Reno,error
359,Legs,ZZ Top,ZZ Top,Legs ZZ Top,error
360,State of Shock,The Jacksons,The Jacksons,State of Shock The Jacksons,error
361,Love Somebody,Rick Springfield,Rick Springfield,Love Somebody Rick Springfield,error
362,Miss Me Blind,Culture Club,Culture Club,Miss Me Blind Culture Club,error
363,If This Is It,Huey Lewis and the News,Huey Lewis,If This Is It Huey Lewis,error
364,You Might Think,The Cars,The Cars,You Might Think The Cars,error
365,Lucky Star,Madonna,Madonna,Lucky Star Madonna,error
366,Cover Me,Bruce Springsteen,Bruce Springsteen,Cover Me Bruce Springsteen,error
367,Cum on Feel the Noize,Quiet Riot,Quiet Riot,Cum on Feel the Noize Quiet Riot,error
368,Breakdance,Irene Cara,Irene Cara,Breakdance Irene Cara,error
369,Adult Education,Hall & Oates,Hall &,Adult Education Hall &,error
370,They Don't Know,Tracey Ullman,Tracey Ullman,They Don't Know Tracey Ullman,error
371,An Innocent Man,Billy Joel,Billy Joel,An Innocent Man Billy Joel,error
372,Cruel Summer,Bananarama,Bananarama,Cruel Summer Bananarama,error
373,Dance Hall Days,Wang Chung,Wang Chung,Dance Hall Days Wang Chung,error
374,Give It Up,KC & the Sunshine Band,KC &,Give It Up KC &,error
375,I'm So Excited,The Pointer Sisters,The Pointer,I'm So Excited The Pointer,error
376,I Still Can't Get Over Loving You,Ray Parker Jr.,Ray Parker,I Still Can't Get Over Loving You Ray Parker,error
377,Thriller,Michael Jackson,Michael Jackson,Thriller Michael Jackson,error
378,Holiday,Madonna,Madonna,Holiday Madonna,error
379,Breakin'... There's No Stopping Us,Ollie & Jerry,Ollie &,Breakin'... There's No Stopping Us Ollie &,error
380,Nobody Told Me,John Lennon,John Lennon,Nobody Told Me John Lennon,error
381,Church of the Poison Mind,Culture Club,Culture Club,Church of the Poison Mind Culture Club,error
382,Think of Laura,Christopher Cross,Christopher Cross,Think of Laura Christopher Cross,error
383,Time Will Reveal,DeBarge,DeBarge,Time Will Reveal DeBarge,error
384,Wrapped Around Your Finger,The Police,The Police,Wrapped Around Your Finger The Police,error
385,Pink Houses,John Cougar Mellencamp,John Cougar,Pink Houses John Cougar,error
386,Round and Round,Ratt,Ratt,Round and Round Ratt,error
387,Head over Heels,The Go-Go's,The Go-Go's,Head over Heels The Go-Go's,error
388,The Longest Time,Billy Joel,Billy Joel,The Longest Time Billy Joel,error
389,Tonight,Kool & the Gang,Kool &,Tonight Kool &,error
390,Got a Hold on Me,Christine McVie,Christine McVie,Got a Hold on Me Christine McVie,error
391,Dancing in the Sheets,Shalamar,Shalamar,Dancing in the Sheets Shalamar,error
392,Undercover of the Night,The Rolling Stones,The Rolling,Undercover of the Night The Rolling,error
393,On the Dark Side,John Cafferty & The Beaver Brown Band,John Cafferty,On the Dark Side John Cafferty,error
394,New Moon on Monday,Duran Duran,Duran Duran,New Moon on Monday Duran Duran,error
395,Major Tom (Coming Home),Peter Schilling,Peter Schilling,Major Tom (Coming Home) Peter Schilling,error
396,Magic,The Cars,The Cars,Magic The Cars,error
397,When You Close Your Eyes,Night Ranger,Night Ranger,When You Close Your Eyes Night Ranger,error
398,Rock Me Tonite,Billy Squier,Billy Squier,Rock Me Tonite Billy Squier,error
399,Yah Mo B There,James Ingram and Michael McDonald,James Ingram,Yah Mo B There James Ingram,error
400,End of the Road,Boyz II Men,Boyz II,End of the Road Boyz II,error
401,Baby Got Back,Sir Mix-a-Lot,Sir Mix-a-Lot,Baby Got Back Sir Mix-a-Lot,error
402,Jump,Kris Kross,Kris Kross,Jump Kris Kross,error
403,Save the Best for Last,Vanessa Williams,Vanessa Williams,Save the Best for Last Vanessa Williams,error
404,Baby-Baby-Baby,TLC,TLC,Baby-Baby-Baby TLC,error
405,Tears in Heaven,Eric Clapton,Eric Clapton,Tears in Heaven Eric Clapton,error
406,My Lovin' (You're Never Gonna Get It),En Vogue,En Vogue,My Lovin' (You're Never Gonna Get It) En Vogue,error
407,Under the Bridge,Red Hot Chili Peppers,Red Hot,Under the Bridge Red Hot,error
408,All 4 Love,Color Me Badd,Color Me,All 4 Love Color Me,error
409,Just Another Day,Jon Secada,Jon Secada,Just Another Day Jon Secada,error
410,I Love Your Smile,Shanice,Shanice,I Love Your Smile Shanice,error
411,To Be with You,Mr. Big,Mr. Big,To Be with You Mr. Big,error
412,I'm Too Sexy,Right Said Fred,Right Said,I'm Too Sexy Right Said,error
413,Black or White,Michael Jackson,Michael Jackson,Black or White Michael Jackson,error
414,Achy Breaky Heart,Billy Ray Cyrus,Billy Ray,Achy Breaky Heart Billy Ray,error
415,I'll Be There,Mariah Carey,Mariah Carey,I'll Be There Mariah Carey,error
416,November Rain,Guns N' Roses,Guns N',November Rain Guns N',error
417,Life Is a Highway,Tom Cochrane,Tom Cochrane,Life Is a Highway Tom Cochrane,error
418,Remember the Time,Michael Jackson,Michael Jackson,Remember the Time Michael Jackson,error
419,Finally,CeCe Peniston,CeCe Peniston,Finally CeCe Peniston,error
420,This Used to Be My Playground,Madonna,Madonna,This Used to Be My Playground Madonna,error
421,Sometimes Love Just Ain't Enough,Patty Smyth and Don Henley,Patty Smyth,Sometimes Love Just Ain't Enough Patty Smyth,error
422,Can't Let Go,Mariah Carey,Mariah Carey,Can't Let Go Mariah Carey,error
423,Jump Around,House of Pain,House of,Jump Around House of,error
424,Diamonds and Pearls,Prince and The New Power Generation,Prince and,Diamonds and Pearls Prince and,error
425,Don't Let the Sun Go Down on Me,George Michael and Elton John,George Michael,Don't Let the Sun Go Down on Me George Michael,error
426,Masterpiece,Atlantic Starr,Atlantic Starr,Masterpiece Atlantic Starr,error
427,If You Asked Me To,Celine Dion,Celine Dion,If You Asked Me To Celine Dion,error
428,Giving Him Something He Can Feel,En Vogue,En Vogue,Giving Him Something He Can Feel En Vogue,error
429,Live and Learn,Joe Public,Joe Public,Live and Learn Joe Public,error
430,Come and Talk to Me,Jodeci,Jodeci,Come and Talk to Me Jodeci,error
431,Smells Like Teen Spirit,Nirvana,Nirvana,Smells Like Teen Spirit Nirvana,error
432,Humpin' Around,Bobby Brown,Bobby Brown,Humpin' Around Bobby Brown,error
433,Damn I Wish I Was Your Lover,Sophie B. Hawkins,Sophie B.,Damn I Wish I Was Your Lover Sophie B.,error
434,Tell Me What You Want Me to Do,Tevin Campbell,Tevin Campbell,Tell Me What You Want Me to Do Tevin Campbell,error
435,Ain't 2 Proud 2 Beg,TLC,TLC,Ain't 2 Proud 2 Beg TLC,error
436,It's So Hard to Say Goodbye to Yesterday,Boyz II Men,Boyz II,It's So Hard to Say Goodbye to Yesterday Boyz II,error
437,Move This,Technotronic featuring Ya Kid K,Technotronic featuring,Move This Technotronic featuring,error
438,Bohemian Rhapsody,Queen,Queen,Bohemian Rhapsody Queen,error
439,Tennessee,Arrested Development,Arrested Development,Tennessee Arrested Development,error
440,The Best Things in Life Are Free,Luther Vandross and Janet Jackson,Luther Vandross,The Best Things in Life Are Free Luther Vandross,error
441,Make It Happen,Mariah Carey,Mariah Carey,Make It Happen Mariah Carey,error
442,The One,Elton John,Elton John,The One Elton John,error
443,Set Adrift on Memory Bliss,P.M. Dawn,P.M. Dawn,Set Adrift on Memory Bliss P.M. Dawn,error
444,Stay,Shakespears Sister,Shakespears Sister,Stay Shakespears Sister,error
445,2 Legit 2 Quit,Hammer,Hammer,2 Legit 2 Quit Hammer,error
446,Please Don't Go,KWS,KWS,Please Don't Go KWS,error
447,Breakin' My Heart (Pretty Brown Eyes),Mint Condition,Mint Condition,Breakin' My Heart (Pretty Brown Eyes) Mint Condition,error
448,Wishing on a Star,The Cover Girls,The Cover,Wishing on a Star The Cover,error
449,She's Playing Hard to Get,Hi-Five,Hi-Five,She's Playing Hard to Get Hi-Five,error
450,I'd Die Without You,P.M. Dawn,P.M. Dawn,I'd Die Without You P.M. Dawn,error
451,Good for Me,Amy Grant,Amy Grant,Good for Me Amy Grant,error
452,All I Want,Toad the Wet Sprocket,Toad the,All I Want Toad the,error
453,When a Man Loves a Woman,Michael Bolton,Michael Bolton,When a Man Loves a Woman Michael Bolton,error
454,I Can't Dance,Genesis,Genesis,I Can't Dance Genesis,error
455,Hazard,Richard Marx,Richard Marx,Hazard Richard Marx,error
456,Mysterious Ways,U2,U2,Mysterious Ways U2,error
457,Too Funky,George Michael,George Michael,Too Funky George Michael,error
458,How Do You Talk to an Angel,The Heights,The Heights,How Do You Talk to an Angel The Heights,error
459,One,U2,U2,One U2,error
460,Keep on Walkin',CeCe Peniston,CeCe Peniston,Keep on Walkin' CeCe Peniston,error
461,Hold on My Heart,Genesis,Genesis,Hold on My Heart Genesis,error
462,The Way I Feel About You,Karyn White,Karyn White,The Way I Feel About You Karyn White,error
463,Beauty and the Beast,Celine Dion and Peabo Bryson,Celine Dion,Beauty and the Beast Celine Dion,error
464,Warm It Up,Kris Kross,Kris Kross,Warm It Up Kris Kross,error
465,In the Closet,Michael Jackson,Michael Jackson,In the Closet Michael Jackson,error
466,People Everyday,Arrested Development,Arrested Development,People Everyday Arrested Development,error
467,No Son of Mine,Genesis,Genesis,No Son of Mine Genesis,error
468,Wildside,Marky Mark and the Funky Bunch,Marky Mark,Wildside Marky Mark,error
469,Do I Have to Say the Words?,Bryan Adams,Bryan Adams,Do I Have to Say the Words? Bryan Adams,error
470,Friday I'm in Love,The Cure,The Cure,Friday I'm in Love The Cure,error
471,Everything About You,Ugly Kid Joe,Ugly Kid,Everything About You Ugly Kid,error
472,Blowing Kisses in the Wind,Paula Abdul,Paula Abdul,Blowing Kisses in the Wind Paula Abdul,error
473,Thought I'd Died and Gone to Heaven,Bryan Adams,Bryan Adams,Thought I'd Died and Gone to Heaven Bryan Adams,error
474,Rhythm Is a Dancer,Snap!,Snap!,Rhythm Is a Dancer Snap!,error
475,Addams Groove,Hammer,Hammer,Addams Groove Hammer,error
476,Missing You Now,Michael Bolton,Michael Bolton,Missing You Now Michael Bolton,error
477,Back to the Hotel,N2Deep,N2Deep,Back to the Hotel N2Deep,error
478,Everything Changes,Kathy Troccoli,Kathy Troccoli,Everything Changes Kathy Troccoli,error
479,Have You Ever Needed Someone So Bad,Def Leppard,Def Leppard,Have You Ever Needed Someone So Bad Def Leppard,error
480,Take This Heart,Richard Marx,Richard Marx,Take This Heart Richard Marx,error
481,When I Look Into Your Eyes,FireHouse,FireHouse,When I Look Into Your Eyes FireHouse,error
482,I Wanna Love You,Jade,Jade,I Wanna Love You Jade,error
483,Uhh Ahh,Boyz II Men,Boyz II,Uhh Ahh Boyz II,error
484,Real Love,Mary J. Blige,Mary J.,Real Love Mary J.,error
485,Justified and Ancient,The KLF,The KLF,Justified and Ancient The KLF,error
486,Slow Motion,Color Me Badd,Color Me,Slow Motion Color Me,error
487,What About Your Friends,TLC,TLC,What About Your Friends TLC,error
488,Thinkin' Back,Color Me Badd,Color Me,Thinkin' Back Color Me,error
489,Would I Lie to You?,Charles & Eddie,Charles &,Would I Lie to You? Charles &,error
490,That's What Love Is For,Amy Grant,Amy Grant,That's What Love Is For Amy Grant,error
491,Keep Coming Back,Richard Marx,Richard Marx,Keep Coming Back Richard Marx,error
492,Free Your Mind,En Vogue,En Vogue,Free Your Mind En Vogue,error
493,Keep It Comin',Keith Sweat,Keith Sweat,Keep It Comin' Keith Sweat,error
494,Just Take My Heart,Mr. Big,Mr. Big,Just Take My Heart Mr. Big,error
495,I Will Remember You,Amy Grant,Amy Grant,I Will Remember You Amy Grant,error
496,We Got a Love Thang,CeCe Peniston,CeCe Peniston,We Got a Love Thang CeCe Peniston,error
497,Let's Get Rocked,Def Leppard,Def Leppard,Let's Get Rocked Def Leppard,error
498,They Want EFX,Das EFX,Das EFX,They Want EFX Das EFX,error
499,I Can't Make You Love Me,Bonnie Raitt,Bonnie Raitt,I Can't Make You Love Me Bonnie Raitt,error
500,That's What Friends Are For,"Dionne and Friends (Dionne Warwick, Gladys Knight, Elton John and Stevie Wonder)",Dionne and,That's What Friends Are For Dionne and,error
501,"Say You, Say Me",Lionel Richie,Lionel Richie,"Say You, Say Me Lionel Richie",error
502,I Miss You,Klymaxx,Klymaxx,I Miss You Klymaxx,error
503,On My Own,Patti LaBelle and Michael McDonald,Patti LaBelle,On My Own Patti LaBelle,error
504,Broken Wings,Mr. Mister,Mr. Mister,Broken Wings Mr. Mister,error
505,How Will I Know,Whitney Houston,Whitney Houston,How Will I Know Whitney Houston,error
506,Party All the Time,Eddie Murphy,Eddie Murphy,Party All the Time Eddie Murphy,error
507,Burning Heart,Survivor,Survivor,Burning Heart Survivor,error
508,Kyrie,Mr. Mister,Mr. Mister,Kyrie Mr. Mister,error
509,Addicted to Love,Robert Palmer,Robert Palmer,Addicted to Love Robert Palmer,error
510,Greatest Love of All,Whitney Houston,Whitney Houston,Greatest Love of All Whitney Houston,error
511,Secret Lovers,Atlantic Starr,Atlantic Starr,Secret Lovers Atlantic Starr,error
512,Friends and Lovers,Gloria Loring and Carl Anderson,Gloria Loring,Friends and Lovers Gloria Loring,error
513,Glory of Love,Peter Cetera,Peter Cetera,Glory of Love Peter Cetera,error
514,West End Girls,Pet Shop Boys,Pet Shop,West End Girls Pet Shop,error
515,There'll Be Sad Songs (To Make You Cry),Billy Ocean,Billy Ocean,There'll Be Sad Songs (To Make You Cry) Billy Ocean,error
516,Alive and Kicking,Simple Minds,Simple Minds,Alive and Kicking Simple Minds,error
517,Never,Heart,Heart,Never Heart,error
518,Kiss,Prince and The Revolution,Prince and,Kiss Prince and,error
519,Higher Love,Steve Winwood,Steve Winwood,Higher Love Steve Winwood,error
520,Stuck with You,Huey Lewis and the News,Huey Lewis,Stuck with You Huey Lewis,error
521,Holding Back the Years,Simply Red,Simply Red,Holding Back the Years Simply Red,error
522,Sledgehammer,Peter Gabriel,Peter Gabriel,Sledgehammer Peter Gabriel,error
523,Sara,Starship,Starship,Sara Starship,error
524,Human,The Human League,The Human,Human The Human,error
525,I Can't Wait,Nu Shooz,Nu Shooz,I Can't Wait Nu Shooz,error
526,Take My Breath Away,Berlin,Berlin,Take My Breath Away Berlin,error
527,Rock Me Amadeus,Falco,Falco,Rock Me Amadeus Falco,error
528,Papa Don't Preach,Madonna,Madonna,Papa Don't Preach Madonna,error
529,You Give Love a Bad Name,Bon Jovi,Bon Jovi,You Give Love a Bad Name Bon Jovi,error
530,"When the Going Gets Tough, the Tough Get Going",Billy Ocean,Billy Ocean,"When the Going Gets Tough, the Tough Get Going Billy Ocean",error
531,When I Think of You,Janet Jackson,Janet Jackson,When I Think of You Janet Jackson,error
532,These Dreams,Heart,Heart,These Dreams Heart,error
533,Don't Forget Me (When I'm Gone),Glass Tiger,Glass Tiger,Don't Forget Me (When I'm Gone) Glass Tiger,error
534,Live to Tell,Madonna,Madonna,Live to Tell Madonna,error
535,Mad About You,Belinda Carlisle,Belinda Carlisle,Mad About You Belinda Carlisle,error
536,Something About You,Level 42,Level 42,Something About You Level 42,error
537,Venus,Bananarama,Bananarama,Venus Bananarama,error
538,Dancing on the Ceiling,Lionel Richie,Lionel Richie,Dancing on the Ceiling Lionel Richie,error
539,Conga,Miami Sound Machine,Miami Sound,Conga Miami Sound,error
540,True Colors,Cyndi Lauper,Cyndi Lauper,True Colors Cyndi Lauper,error
541,Danger Zone,Kenny Loggins,Kenny Loggins,Danger Zone Kenny Loggins,error
542,What Have You Done For Me Lately,Janet Jackson,Janet Jackson,What Have You Done For Me Lately Janet Jackson,error
543,No One Is to Blame,Howard Jones,Howard Jones,No One Is to Blame Howard Jones,error
544,Let's Go All the Way,Sly Fox,Sly Fox,Let's Go All the Way Sly Fox,error
545,I Didn't Mean to Turn You On,Robert Palmer,Robert Palmer,I Didn't Mean to Turn You On Robert Palmer,error
546,Words Get in the Way,Miami Sound Machine,Miami Sound,Words Get in the Way Miami Sound,error
547,Manic Monday,The Bangles,The Bangles,Manic Monday The Bangles,error
548,Walk of Life,Dire Straits,Dire Straits,Walk of Life Dire Straits,error
549,Amanda,Boston,Boston,Amanda Boston,error
550,Two of Hearts,Stacey Q,Stacey Q,Two of Hearts Stacey Q,error
551,Crush on You,The Jets,The Jets,Crush on You The Jets,error
552,If You Leave,Orchestral Manoeuvres in the Dark,Orchestral Manoeuvres,If You Leave Orchestral Manoeuvres,error
553,Invisible Touch,Genesis,Genesis,Invisible Touch Genesis,error
554,The Sweetest Taboo,Sade,Sade,The Sweetest Taboo Sade,error
555,What You Need,INXS,INXS,What You Need INXS,error
556,Talk to Me,Stevie Nicks,Stevie Nicks,Talk to Me Stevie Nicks,error
557,Nasty,Janet Jackson,Janet Jackson,Nasty Janet Jackson,error
558,Take Me Home Tonight,Eddie Money,Eddie Money,Take Me Home Tonight Eddie Money,error
559,We Don't Have to Take Our Clothes Off,Jermaine Stewart,Jermaine Stewart,We Don't Have to Take Our Clothes Off Jermaine Stewart,error
560,All Cried Out,Lisa Lisa and Cult Jam,Lisa Lisa,All Cried Out Lisa Lisa,error
561,Your Love,The Outfield,The Outfield,Your Love The Outfield,error
562,I'm Your Man,Wham!,Wham!,I'm Your Man Wham!,error
563,Perfect Way,Scritti Politti,Scritti Politti,Perfect Way Scritti Politti,error
564,Living in America,James Brown,James Brown,Living in America James Brown,error
565,R.O.C.K. in the U.S.A.,John Cougar Mellencamp,John Cougar,R.O.C.K. in the U.S.A. John Cougar,error
566,Who's Johnny,El DeBarge,El DeBarge,Who's Johnny El DeBarge,error
567,Word Up!,Cameo,Cameo,Word Up! Cameo,error
568,Why Can't This Be Love,Van Halen,Van Halen,Why Can't This Be Love Van Halen,error
569,Silent Running (On Dangerous Ground),Mike + The Mechanics,Mike +,Silent Running (On Dangerous Ground) Mike +,error
570,Typical Male,Tina Turner,Tina Turner,Typical Male Tina Turner,error
571,Small Town,John Cougar Mellencamp,John Cougar,Small Town John Cougar,error
572,Tarzan Boy,Baltimora,Baltimora,Tarzan Boy Baltimora,error
573,All I Need Is a Miracle,Mike + The Mechanics,Mike +,All I Need Is a Miracle Mike +,error
574,Sweet Freedom,Michael McDonald,Michael McDonald,Sweet Freedom Michael McDonald,error
575,True Blue,Madonna,Madonna,True Blue Madonna,error
576,Rumors,Timex Social Club,Timex Social,Rumors Timex Social,error
577,Life in a Northern Town,Dream Academy,Dream Academy,Life in a Northern Town Dream Academy,error
578,Bad Boy,Miami Sound Machine,Miami Sound,Bad Boy Miami Sound,error
579,Sleeping Bag,ZZ Top,ZZ Top,Sleeping Bag ZZ Top,error
580,Tonight She Comes,The Cars,The Cars,Tonight She Comes The Cars,error
581,Love Touch,Rod Stewart,Rod Stewart,Love Touch Rod Stewart,error
582,A Love Bizarre,Sheila E.,Sheila E.,A Love Bizarre Sheila E.,error
583,Throwing It All Away,Genesis,Genesis,Throwing It All Away Genesis,error
584,Baby Love,Regina,Regina,Baby Love Regina,error
585,Election Day,Arcadia,Arcadia,Election Day Arcadia,error
586,Nikita,Elton John,Elton John,Nikita Elton John,error
587,Take Me Home,Phil Collins,Phil Collins,Take Me Home Phil Collins,error
588,Walk This Way,Run-D.M.C. featuring Aerosmith,Run-D.M.C. featuring,Walk This Way Run-D.M.C. featuring,error
589,Sweet Love,Anita Baker,Anita Baker,Sweet Love Anita Baker,error
590,Your Wildest Dreams,Moody Blues,Moody Blues,Your Wildest Dreams Moody Blues,error
